[{"name":"9th St","properName":"9th Street Station","stationID":"90539"},{"name":"49th St","properName":"49th Street","stationID":"90314"},{"name":"Airport Terminal C-D","properName":"Airport Terminals C & D","stationID":"90402"},{"name":"Airport Terminal E-F","properName":"Airport Terminals E & F","stationID":"90401"},{"name":"Berwyn","properName":"Berwyn","stationID":"90508"},{"name":"Chester TC","properName":"Chester Transportation Center","stationID":"90207"},{"name":"Darby","properName":"Darby","stationID":"90217"},{"name":"Daylesford","properName":"Daylesford","stationID":"90507"},{"name":"Delaware Valley College","properName":"Delaware Valley College","stationID":"90537"},{"name":"Devon","properName":"Devon","stationID":"90509"},{"name":"Downingtown","properName":"Downingtown","stationID":"90502"},{"name":"Doylestown","properName":"Doylestown","stationID":"90538"},{"name":"East Falls","properName":"East Falls","stationID":"90219"},{"name":"Eastwick Station","properName":"Eastwick Station","stationID":"90405"},{"name":"Eddington","properName":"Eddington","stationID":"90705"},{"name":"Eddystone","properName":"Eddystone","stationID":"90208"},{"name":"Elkins Park","properName":"Elkins Park","stationID":"90409"},{"name":"Elm St","properName":"Elm Street (Norristown)","stationID":"90228"},{"name":"Elwyn Station","properName":"Elwyn","stationID":"90301"},{"name":"Exton","properName":"Exton","stationID":"90504"},{"name":"Fern Rock TC","properName":"Fern Rock Transportation Center","stationID":"90407"},{"name":"Fernwood","properName":"Fernwood–Yeadon","stationID":"90312"},{"name":"Folcroft","properName":"Folcroft","stationID":"90214"},{"name":"Forest Hills","properName":"Forest Hills","stationID":"90320"},{"name":"Ft Washington","properName":"Fort Washington","stationID":"90525"},{"name":"Fortuna","properName":"Fortuna","stationID":"90532"},{"name":"Fox Chase","properName":"Fox Chase","stationID":"90815"},{"name":"Germantown","properName":"Germantown","stationID":"90713"},{"name":"Gladstone","properName":"Gladstone","stationID":"90310"},{"name":"Glenolden","properName":"Glenolden","stationID":"90213"},{"name":"Glenside","properName":"Glenside","stationID":"90411"},{"name":"Gravers","properName":"Gravers","stationID":"90719"},{"name":"Highland Ave","properName":"Highland Avenue","stationID":"90206"},{"name":"Holmesburg Jct","properName":"Holmesburg Junction","stationID":"90708"},{"name":"Market East","properName":"Jefferson Station (Market East)","stationID":"90006"},{"name":"Main St","properName":"Main Street (Norristown)","stationID":"90227"},{"name":"Malvern","properName":"Malvern","stationID":"90505"},{"name":"Mt Airy","properName":"Mount Airy","stationID":"90717"},{"name":"Norristown TC","properName":"Norristown Transportation Center","stationID":"90226"},{"name":"North Broad St","properName":"North Broad","stationID":"90008"},{"name":"Temple U","properName":"Temple University","stationID":"90007"},{"name":"Trenton","properName":"Trenton Transit Center","stationID":"90701"},{"name":"Wayne Jct","properName":"Wayne Junction","stationID":"90009"},{"name":"Wissahickon","properName":"Wissahickon","stationID":"90220"},{"name":"Wynnewood","properName":"Wynnewood","stationID":"90519"},{"name":"Yardley","properName":"Yardley","stationID":"90326"},{"name":"30th Street Station","properName":"30th Street Station","stationID":"90004"},{"name":"Airport Terminal A","properName":"Airport Terminal A","stationID":"90404"},{"name":"Airport Terminal B","properName":"Airport Terminal B","stationID":"90403"},{"name":"Allegheny","properName":"Allegheny","stationID":"90208"},{"name":"Allen Lane","properName":"Allen Lane","stationID":"90804"},{"name":"Ambler","properName":"Ambler","stationID":"90526"},{"name":"Angora","properName":"Angora","stationID":"90313"},{"name":"Ardmore","properName":"Ardmore","stationID":"90518"},{"name":"Ardsley","properName":"Ardsley","stationID":"90412"},{"name":"Bala","properName":"Bala","stationID":"90002"},{"name":"Bethayres","properName":"Bethayres","stationID":"90318"},{"name":"Bridesburg","properName":"Bridesburg","stationID":"90710"},{"name":"Bristol","properName":"Bristol","stationID":"90703"},{"name":"Bryn Mawr","properName":"Bryn Mawr","stationID":"90516"},{"name":"Carpenter","properName":"Carpenter","stationID":"90805"},{"name":"Chalfont","properName":"Chalfont","stationID":"90535"},{"name":"Chelten Avenue","properName":"Chelten Avenue","stationID":"90808"},{"name":"Cheltenham","properName":"Cheltenham","stationID":"90813"},{"name":"Chestnut Hill East","properName":"Chestnut Hill East","stationID":"90720"},{"name":"Chestnut Hill West","properName":"Chestnut Hill West","stationID":"90801"},{"name":"Churchmans Crossing","properName":"Churchmans Crossing","stationID":"90202"},{"name":"Claymont","properName":"Claymont","stationID":"90204"},{"name":"Clifton-Aldan","properName":"Clifton-Aldan","stationID":"90309"},{"name":"Colmar","properName":"Colmar","stationID":"90533"},{"name":"Conshohocken","properName":"Conshohocken","stationID":"90225"},{"name":"Cornwells Heights","properName":"Cornwells Heights","stationID":"90706"},{"name":"Crestmont","properName":"Crestmont","stationID":"90414"},{"name":"Croydon","properName":"Croydon","stationID":"90704"},{"name":"Crum Lynne","properName":"Crum Lynne","stationID":"90209"},{"name":"Curtis Park","properName":"Curtis Park","stationID":"90216"},{"name":"Cynwyd","properName":"Cynwyd","stationID":"90001"},{"name":"Gwynedd Valley","properName":"Gwynedd Valley","stationID":"90528"},{"name":"Hatboro","properName":"Hatboro","stationID":"90416"},{"name":"Haverford","properName":"Haverford","stationID":"90517"},{"name":"Highland","properName":"Highland","stationID":"90802"},{"name":"Ivy Ridge","properName":"Ivy Ridge","stationID":"90222"},{"name":"Jenkintown-Wyncote","properName":"Jenkintown-Wyncote","stationID":"90410"},{"name":"Langhorne","properName":"Langhorne","stationID":"90324"},{"name":"Lansdale","properName":"Lansdale","stationID":"90531"},{"name":"Lansdowne","properName":"Lansdowne","stationID":"90311"},{"name":"Lawndale","properName":"Lawndale","stationID":"90812"},{"name":"Levittown","properName":"Levittown","stationID":"90702"},{"name":"Link Belt","properName":"Link Belt","stationID":"90534"},{"name":"Manayunk East","properName":"Manayunk","stationID":"90221"},{"name":"Marcus Hook","properName":"Marcus Hook","stationID":"90205"},{"name":"Meadowbrook","properName":"Meadowbrook","stationID":"90317"},{"name":"Media","properName":"Media","stationID":"90302"},{"name":"Melrose Park","properName":"Melrose Park","stationID":"90408"},{"name":"Merion","properName":"Merion","stationID":"90521"},{"name":"Miquon","properName":"Miquon","stationID":"90223"},{"name":"Morton","properName":"Morton","stationID":"90306"},{"name":"Moylan-Rose Valley","properName":"Moylan-Rose Valley","stationID":"90303"},{"name":"Narberth","properName":"Narberth","stationID":"90520"},{"name":"Neshaminy Falls","properName":"Neshaminy Falls","stationID":"90323"},{"name":"New Britain","properName":"New Britain","stationID":"90536"},{"name":"Newark","properName":"Newark","stationID":"90201"},{"name":"Noble","properName":"Noble","stationID":"90315"},{"name":"North Hills","properName":"North Hills","stationID":"90523"},{"name":"North Philadelphia","properName":"North Philadelphia","stationID":"90711"},{"name":"North Wales","properName":"North Wales","stationID":"90529"},{"name":"Norwood","properName":"Norwood","stationID":"90212"},{"name":"Olney","properName":"Olney","stationID":"90811"},{"name":"Oreland","properName":"Oreland","stationID":"90524"},{"name":"Overbrook","properName":"Overbrook","stationID":"90522"},{"name":"Paoli","properName":"Paoli","stationID":"90506"},{"name":"Penllyn","properName":"Penllyn","stationID":"90527"},{"name":"Pennbrook","properName":"Pennbrook","stationID":"90530"},{"name":"Philmont","properName":"Philmont","stationID":"90319"},{"name":"Primos","properName":"Primos","stationID":"90308"},{"name":"Prospect Park","properName":"Prospect Park","stationID":"90211"},{"name":"Queen Lane","properName":"Queen Lane","stationID":"90809"},{"name":"Radnor","properName":"Radnor","stationID":"90513"},{"name":"Ridley Park","properName":"Ridley Park","stationID":"90210"},{"name":"Rosemont","properName":"Rosemont","stationID":"90515"},{"name":"Roslyn","properName":"Roslyn","stationID":"90413"},{"name":"Rydal","properName":"Rydal","stationID":"90316"},{"name":"Ryers","properName":"Ryers","stationID":"90814"},{"name":"Secane","properName":"Secane","stationID":"90307"},{"name":"Sedgwick","properName":"Sedgwick","stationID":"90716"},{"name":"Sharon Hill","properName":"Sharon Hill","stationID":"90215"},{"name":"Somerton","properName":"Somerton","stationID":"90321"},{"name":"Spring Mill","properName":"Spring Mill","stationID":"90224"},{"name":"St. Davids","properName":"St. Davids","stationID":"90512"},{"name":"St. Martins","properName":"St. Martins","stationID":"90803"},{"name":"Stenton","properName":"Stenton","stationID":"90715"},{"name":"Strafford","properName":"Strafford","stationID":"90510"},{"name":"Suburban Station","properName":"Suburban Station","stationID":"90005"},{"name":"Swarthmore","properName":"Swarthmore","stationID":"90305"},{"name":"Tacony","properName":"Tacony","stationID":"90709"},{"name":"Thorndale","properName":"Thorndale","stationID":"90501"},{"name":"Torresdale","properName":"Torresdale","stationID":"90707"},{"name":"Trevose","properName":"Trevose","stationID":"90322"},{"name":"Tulpehocken","properName":"Tulpehocken","stationID":"90807"},{"name":"University City","properName":"University City","stationID":"90406"},{"name":"Upsal","properName":"Upsal","stationID":"90806"},{"name":"Villanova","properName":"Villanova","stationID":"90514"},{"name":"Wallingford","properName":"Wallingford","stationID":"90304"},{"name":"Warminster","properName":"Warminster","stationID":"90417"},{"name":"Washington Lane","properName":"Washington Lane","stationID":"90714"},{"name":"Wayne","properName":"Wayne","stationID":"90511"},{"name":"West Trenton","properName":"West Trenton","stationID":"90327"},{"name":"Whitford","properName":"Whitford","stationID":"90503"},{"name":"Willow Grove","properName":"Willow Grove","stationID":"90514"},{"name":"Wilmington","properName":"Wilmington","stationID":"90203"},{"name":"Wister","properName":"Wister","stationID":"90712"},{"name":"Woodbourne","properName":"Woodbourne","stationID":"90325"},{"name":"Wyndmoor","properName":"Wyndmoor","stationID":"90718"},{"name":"Wynnefield Avenue","properName":"Wynnefield Avenue","stationID":"90003"}]