[  
   {  
      "Line":"Airport Line",
      "Inbound":"Temple University",
      "Outbound":"Airport Terminals E & F"
   },
   {  
      "Line":"Chestnut Hill East Line",
      "Inbound":"30th Street Station",
      "Outbound":"Chestnut Hill East"
   },
   {  
      "Line":"Chestnut Hill West Line",
      "Inbound":"Temple University",
      "Outbound":"Chestnut Hill West"
   },
   {  
      "Line":"Cynwyd Line",
      "Inbound":"Suburban Station",
      "Outbound":"Cynwyd"
   },
   {  
      "Line":"Fox Chase Line",
      "Inbound":"30th Street Station",
      "Outbound":"Fox Chase"
   },
   {  
      "Line":"Lansdale/Doylestown Line",
      "Inbound":"30th Street Station",
      "Outbound":"Doylestown"
   },
   {  
      "Line":"Manayunk/Norristown Line",
      "Inbound":"30th Street Station",
      "Outbound":"Elm Street"
   },
   {  
      "Line":"Media/Elwyn Line",
      "Inbound":"Temple University",
      "Outbound":"Elwyn"
   },
   {  
      "Line":"Paoli/Thorndale Line",
      "Inbound":"Temple University",
      "Outbound":"Thorndale"
   },
   {  
      "Line":"Trenton Line",
      "Inbound":"Temple University",
      "Outbound":"Trenton Transit Center"
   },
   {  
      "Line":"Warminster Line",
      "Inbound":"University City",
      "Outbound":"Warminster"
   },
   {  
      "Line":"West Trenton Line",
      "Inbound":"University City",
      "Outbound":"West Trenton"
   },
   {  
      "Line":"Wilmington/Newark Line",
      "Inbound":"Temple University",
      "Outbound":"Newark"
   }
]