[  
   {  
      "name":"Airport",
      "lineID":"AIR",
      "color":"934e6f",
      "routeStationID":[  
         "90401",
         "90402",
         "90403",
         "90404",
         "90405",
         "90406",
         "90004",
         "90005",
         "90006",
         "90007",
         "90009",
         "90407",
         "90408",
         "90409",
         "90410",
         "90411"
      ]
   },
   {  
      "name":"Chestnut Hill East",
      "lineID":"CHE",
      "color":"98783b",
      "routeStationID":[
         "90720",
         "90719",
         "90718",
         "90717",
         "90716",
         "90715",
         "90714",
         "90713",
         "90712",
         "90009",
         "90008",
         "90007",
         "90006",
         "90005",
         "90004"
      ]
   },
   {  
      "name":"Chestnut Hill West",
      "lineID":"CHW",
      "color":"00bbb3",
      "routeStationID":[  
         "90801",
         "90802",
         "90803",
         "90804",
         "90805",
         "90806",
         "90807",
         "90808",
         "90809",
         "90711",
         "90004",
         "90005",
         "90006",
         "90007"
      ]
   },
   {  
      "name":"Cynwyd",
      "lineID":"CYN",
      "color":"775ca7",
      "routeStationID":[  
         "90001",
         "90002",
         "90003",
         "90004",
         "90005"
      ]
   },
   {  
      "name":"Fox Chase",
      "lineID":"FOX",
      "color":"ff8942",
      "routeStationID":[  
         "90815",
         "90814",
         "90813",
         "90812",
         "90811",
         "90009",
         "90007",
         "90006",
         "90005",
         "90004"
      ]
   },
   {  
      "name":"Glenside Combined",
      "lineID":"GC",
      "color":"9e9ed4",
      "routeStationID":[  
         "90411",
         "90410",
         "90409",
         "90408",
         "90407",
         "90009",
         "90008",
         "90007",
         "90006",
         "90005",
         "90004",
         "90406"
      ]
   },
   {  
      "name":"Lansdale/Doylestown",
      "lineID":"LAN",
      "color":"7c5e4a",
      "routeStationID":[  
         "90538",
         "90537",
         "90536",
         "90535",
         "90534",
         "90533",
         "90532",
         "90539",
         "90531",
         "90530",
         "90529",
         "90528",
         "90527",
         "90526",
         "90525",
         "90524",
         "90523",
         "90411",
         "90410",
         "90409",
         "90408",
         "90407",
         "90009",
         "90008",
         "90007",
         "90006",
         "90005",
         "90004"
      ]
   },
   {  
      "name":"Manayunk/Norristown",
      "lineID":"MED",
      "color":"ee5067",
      "routeStationID":[  
         "90228",
         "90227",
         "90226",
         "90225",
         "90224",
         "90223",
         "90222",
         "90221",
         "90220",
         "90219",
         "90208",
         "90008",
         "90007",
         "90006",
         "90005",
         "90004"
      ]
   },
   {  
      "name":"Media/Elwin",
      "lineID":"NOR",
      "color":"0081c5",
      "routeStationID":[  
         "90301",
         "90302",
         "90303",
         "90304",
         "90305",
         "90306",
         "90307",
         "90308",
         "90309",
         "90310",
         "90311",
         "90312",
         "90313",
         "90314",
         "90406",
         "90004",
         "90005",
         "90006",
         "90007"
      ]
   },
   {  
      "name":"Paoli/Thorndale",
      "lineID":"PAO",
      "color":"238359",
      "routeStationID":[  
         "90501",
         "90502",
         "90503",
         "90504",
         "90505",
         "90506",
         "90507",
         "90508",
         "90509",
         "90510",
         "90511",
         "90512",
         "90513",
         "90514",
         "90515",
         "90516",
         "90517",
         "90518",
         "90519",
         "90520",
         "90521",
         "90522",
         "90004",
         "90005",
         "90006",
         "90007"
      ]
   },
   {  
      "name":"Trenton",
      "lineID":"TRE",
      "color":"f686c3",
      "routeStationID":[  
         "90701",
         "90702",
         "90703",
         "90704",
         "90705",
         "90706",
         "90707",
         "90708",
         "90709",
         "90710",
         "90711",
         "90004",
         "90005",
         "90006",
         "90007"
      ]
   },
   {  
      "name":"Warminster",
      "lineID":"WAR",
      "color":"ffd457",
      "routeStationID":[  
         "90417",
         "90416",
         "90514",
         "90414",
         "90413",
         "90412",
         "90411",
         "90410",
         "90409",
         "90408",
         "90407",
         "90009",
         "90008",
         "90007",
         "90006",
         "90005",
         "90004",
         "90406"
      ]
   },
   {  
      "name":"West Trenton",
      "lineID":"WTR",
      "color":"233e99",
      "routeStationID":[  
         "90327",
         "90326",
         "90325",
         "90324",
         "90323",
         "90322",
         "90321",
         "90320",
         "90319",
         "90318",
         "90317",
         "90316",
         "90315",
         "90410",
         "90409",
         "90408",
         "90407",
         "90009",
         "90007",
         "90006",
         "90005",
         "90004",
         "90406"
      ]
   },
   {  
      "name":"Wilmington/Newark",
      "lineID":"WIL",
      "color":"8ed16a",
      "routeStationID":[  
         "90201",
         "90202",
         "90203",
         "90204",
         "90205",
         "90206",
         "90207",
         "90208",
         "90209",
         "90210",
         "90211",
         "90212",
         "90213",
         "90214",
         "90215",
         "90216",
         "90217",
         "90406",
         "90004",
         "90005",
         "90006",
         "90007"
      ]
   }
]
