[{"name":"30th Street Station","properName":"30th Street Station","stationID":"90004","lat":"39.95661","lon":"-75.18176"},{"name":"49th St","properName":"49th Street","stationID":"90314","lat":"39.94367","lon":"-75.21666"},{"name":"9th St","properName":"9th Street Station","stationID":"90539","lat":"40.2496531","lon":"-75.2813118"},{"name":"Airport Terminal A","properName":"Airport Terminal A","stationID":"90404","lat":"39.87595","lon":"-75.24644"},{"name":"Airport Terminal B","properName":"Airport Terminal B","stationID":"90403","lat":"39.87633","lon":"-75.24451"},{"name":"Airport Terminal C-D","properName":"Airport Terminals C & D","stationID":"90402","lat":"39.87729","lon":"-75.24145"},{"name":"Airport Terminal E-F","properName":"Airport Terminals E & F","stationID":"90401","lat":"39.87909","lon":"-75.23996"},{"name":"Allegheny","properName":"Allegheny","stationID":"90208","lat":"40.00387","lon":"-75.16541"},{"name":"Allen Lane","properName":"Allen Lane","stationID":"90804","lat":"40.05756","lon":"-75.19481"},{"name":"Ambler","properName":"Ambler","stationID":"90526","lat":"40.15236","lon":"-75.22400"},{"name":"Angora","properName":"Angora","stationID":"90313","lat":"39.94496","lon":"-75.23813"},{"name":"Ardmore","properName":"Ardmore","stationID":"90518","lat":"40.00839","lon":"-75.29025"},{"name":"Ardsley","properName":"Ardsley","stationID":"90412","lat":"40.11420","lon":"-75.15308"},{"name":"Bala","properName":"Bala","stationID":"90002","lat":"40.00109","lon":"-75.22772"},{"name":"Berwyn","properName":"Berwyn","stationID":"90508","lat":"40.04811","lon":"-75.44233"},{"name":"Bethayres","properName":"Bethayres","stationID":"90318","lat":"40.11651","lon":"-75.06870"},{"name":"Bridesburg","properName":"Bridesburg","stationID":"90710","lat":"40.01068","lon":"-75.06985"},{"name":"Bristol","properName":"Bristol","stationID":"90703","lat":"40.10486","lon":"-74.85483"},{"name":"Bryn Mawr","properName":"Bryn Mawr","stationID":"90516","lat":"40.02188","lon":"-75.31601"},{"name":"Carpenter","properName":"Carpenter","stationID":"90805","lat":"40.05095","lon":"-75.19148"},{"name":"Chalfont","properName":"Chalfont","stationID":"90535","lat":"40.28774","lon":"-75.21022"},{"name":"Chelten Avenue","properName":"Chelten Avenue","stationID":"90808","lat":"40.02991","lon":"-75.18085"},{"name":"Cheltenham","properName":"Cheltenham","stationID":"90813","lat":"40.05792","lon":"-75.09276"},{"name":"Chester TC","properName":"Chester Transportation Center","stationID":"90207","lat":"39.84960","lon":"-75.35991"},{"name":"Chestnut Hill East","properName":"Chestnut Hill East","stationID":"90720","lat":"40.08109","lon":"-75.20757"},{"name":"Chestnut Hill West","properName":"Chestnut Hill West","stationID":"90801","lat":"40.07627","lon":"-75.20848"},{"name":"Churchmans Crossing","properName":"Churchmans Crossing","stationID":"90202","lat":"39.69481","lon":"-75.67322"},{"name":"Claymont","properName":"Claymont","stationID":"90204","lat":"39.79783","lon":"-75.45210"},{"name":"Clifton-Aldan","properName":"Clifton-Aldan","stationID":"90309","lat":"39.92662","lon":"-75.29030"},{"name":"Colmar","properName":"Colmar","stationID":"90533","lat":"40.26821","lon":"-75.25445"},{"name":"Conshohocken","properName":"Conshohocken","stationID":"90225","lat":"40.07217","lon":"-75.30868"},{"name":"Cornwells Heights","properName":"Cornwells Heights","stationID":"90706","lat":"40.07181","lon":"-74.95207"},{"name":"Crestmont","properName":"Crestmont","stationID":"90414","lat":"40.13323","lon":"-75.11856"},{"name":"Croydon","properName":"Croydon","stationID":"90704","lat":"40.09352","lon":"-74.90664"},{"name":"Crum Lynne","properName":"Crum Lynne","stationID":"90209","lat":"39.87186","lon":"-75.33100"},{"name":"Curtis Park","properName":"Curtis Park","stationID":"90216","lat":"39.90811","lon":"-75.26500"},{"name":"Cynwyd","properName":"Cynwyd","stationID":"90001","lat":"40.00678","lon":"-75.23177"},{"name":"Darby","properName":"Darby","stationID":"90217","lat":"39.91300","lon":"-75.25464"},{"name":"Daylesford","properName":"Daylesford","stationID":"90507","lat":"40.04300","lon":"-75.46051"},{"name":"Delaware Valley College","properName":"Delaware Valley College","stationID":"90537","lat":"40.29732","lon":"-75.16171"},{"name":"Devon","properName":"Devon","stationID":"90509","lat":"40.04729","lon":"-75.42292"},{"name":"Downingtown","properName":"Downingtown","stationID":"90502","lat":"40.00210","lon":"-75.71039"},{"name":"Doylestown","properName":"Doylestown","stationID":"90538","lat":"40.30615","lon":"-75.13063"},{"name":"East Falls","properName":"East Falls","stationID":"90219","lat":"40.01144","lon":"-75.19207"},{"name":"Eastwick Station","properName":"Eastwick Station","stationID":"90405","lat":"39.89167","lon":"-75.24493"},{"name":"Eddington","properName":"Eddington","stationID":"90705","lat":"40.08300","lon":"-74.93356"},{"name":"Eddystone","properName":"Eddystone","stationID":"90208","lat":"39.85715","lon":"-75.34213"},{"name":"Elkins Park","properName":"Elkins Park","stationID":"90409","lat":"40.07148","lon":"-75.12771"},{"name":"Elm St","properName":"Elm Street (Norristown)","stationID":"90228","lat":"40.12229","lon":"-75.34517"},{"name":"Elwyn Station","properName":"Elwyn","stationID":"90301","lat":"39.90778","lon":"-75.41114"},{"name":"Exton","properName":"Exton","stationID":"90504","lat":"40.01939","lon":"-75.62173"},{"name":"Fern Rock TC","properName":"Fern Rock Transportation Center","stationID":"90407","lat":"40.04052","lon":"-75.13479"},{"name":"Fernwood","properName":"Fernwood-Yeadon","stationID":"90312","lat":"39.93972","lon":"-75.25581"},{"name":"Folcroft","properName":"Folcroft","stationID":"90214","lat":"39.90056","lon":"-75.27993"},{"name":"Forest Hills","properName":"Forest Hills","stationID":"90320","lat":"40.12781","lon":"-75.02096"},{"name":"Fortuna","properName":"Fortuna","stationID":"90532","lat":"40.25955","lon":"-75.26623"},{"name":"Fox Chase","properName":"Fox Chase","stationID":"90815","lat":"40.07592","lon":"-75.08344"},{"name":"Ft Washington","properName":"Fort Washington","stationID":"90525","lat":"40.13537","lon":"-75.21160"},{"name":"Germantown","properName":"Germantown","stationID":"90713","lat":"40.03790","lon":"-75.17188"},{"name":"Gladstone","properName":"Gladstone","stationID":"90310","lat":"39.93270","lon":"-75.28211"},{"name":"Glenolden","properName":"Glenolden","stationID":"90213","lat":"39.89633","lon":"-75.29005"},{"name":"Glenside","properName":"Glenside","stationID":"90411","lat":"40.10138","lon":"-75.15372"},{"name":"Gravers","properName":"Gravers","stationID":"90719","lat":"40.07763","lon":"-75.20195"},{"name":"Gwynedd Valley","properName":"Gwynedd Valley","stationID":"90528","lat":"40.18481","lon":"-75.25685"},{"name":"Hatboro","properName":"Hatboro","stationID":"90416","lat":"40.17559","lon":"-75.10276"},{"name":"Haverford","properName":"Haverford","stationID":"90517","lat":"40.01388","lon":"-75.29981"},{"name":"Highland","properName":"Highland","stationID":"90802","lat":"40.07024","lon":"-75.21097"},{"name":"Highland Ave","properName":"Highland Avenue","stationID":"90206","lat":"39.83375","lon":"-75.39300"},{"name":"Holmesburg Jct","properName":"Holmesburg Junction","stationID":"90708","lat":"40.03269","lon":"-75.02364"},{"name":"Ivy Ridge","properName":"Ivy Ridge","stationID":"90222","lat":"40.03413","lon":"-75.23544"},{"name":"Jefferson Station","properName":"Jefferson Station","stationID":"90006","lat":"39.95264","lon":"-75.15837"},{"name":"Jenkintown-Wyncote","properName":"Jenkintown-Wyncote","stationID":"90410","lat":"40.09274","lon":"-75.13749"},{"name":"Langhorne","properName":"Langhorne","stationID":"90324","lat":"40.16068","lon":"-74.91295"},{"name":"Lansdale","properName":"Lansdale","stationID":"90531","lat":"40.24305","lon":"-75.28522"},{"name":"Lansdowne","properName":"Lansdowne","stationID":"90311","lat":"39.93728","lon":"-75.27161"},{"name":"Lawndale","properName":"Lawndale","stationID":"90812","lat":"40.05150","lon":"-75.10299"},{"name":"Levittown","properName":"Levittown","stationID":"90702","lat":"40.14008","lon":"-74.81711"},{"name":"Link Belt","properName":"Link Belt","stationID":"90534","lat":"40.27390","lon":"-75.24671"},{"name":"Main St","properName":"Main Street (Norristown)","stationID":"90227","lat":"40.11722","lon":"-75.34848"},{"name":"Malvern","properName":"Malvern","stationID":"90505","lat":"40.03642","lon":"-75.51553"},{"name":"Manayunk East","properName":"Manayunk","stationID":"90221","lat":"40.02681","lon":"-75.22490"},{"name":"Marcus Hook","properName":"Marcus Hook","stationID":"90205","lat":"39.82170","lon":"-75.41956"},{"name":"Meadowbrook","properName":"Meadowbrook","stationID":"90317","lat":"40.11134","lon":"-75.09250"},{"name":"Media","properName":"Media","stationID":"90302","lat":"39.91467","lon":"-75.39521"},{"name":"Melrose Park","properName":"Melrose Park","stationID":"90408","lat":"40.05939","lon":"-75.12917"},{"name":"Merion","properName":"Merion","stationID":"90521","lat":"39.99767","lon":"-75.25129"},{"name":"Miquon","properName":"Miquon","stationID":"90223","lat":"40.05858","lon":"-75.26638"},{"name":"Morton","properName":"Morton","stationID":"90306","lat":"39.90802","lon":"-75.32839"},{"name":"Moylan-Rose Valley","properName":"Moylan-Rose Valley","stationID":"90303","lat":"39.90584","lon":"-75.38797"},{"name":"Mt Airy","properName":"Mount Airy","stationID":"90717","lat":"40.06520","lon":"-75.19090"},{"name":"Narberth","properName":"Narberth","stationID":"90520","lat":"40.00469","lon":"-75.26146"},{"name":"Neshaminy Falls","properName":"Neshaminy Falls","stationID":"90323","lat":"40.14696","lon":"-74.96177"},{"name":"New Britain","properName":"New Britain","stationID":"90536","lat":"40.29749","lon":"-75.17969"},{"name":"Newark","properName":"Newark","stationID":"90201","lat":"39.67065","lon":"-75.75270"},{"name":"Noble","properName":"Noble","stationID":"90315","lat":"40.10436","lon":"-75.12467"},{"name":"Norristown TC","properName":"Norristown Transportation Center","stationID":"90226","lat":"40.11275","lon":"-75.34419"},{"name":"North Broad St","properName":"North Broad","stationID":"90008","lat":"39.99232","lon":"-75.15384"},{"name":"North Hills","properName":"North Hills","stationID":"90523","lat":"40.11206","lon":"-75.16941"},{"name":"North Philadelphia","properName":"North Philadelphia","stationID":"90711","lat":"39.9977778","lon":"-75.1563889"},{"name":"North Wales","properName":"North Wales","stationID":"90529","lat":"40.2141667","lon":"-75.2772222"},{"name":"Norwood","properName":"Norwood","stationID":"90212","lat":"39.89127","lon":"-75.30219"},{"name":"Olney","properName":"Olney","stationID":"90811","lat":"40.03318","lon":"-75.12287"},{"name":"Oreland","properName":"Oreland","stationID":"90524","lat":"40.11822","lon":"-75.18379"},{"name":"Overbrook","properName":"Overbrook","stationID":"90522","lat":"39.98992","lon":"-75.24970"},{"name":"Paoli","properName":"Paoli","stationID":"90506","lat":"40.04298","lon":"-75.48372"},{"name":"Penllyn","properName":"Penllyn","stationID":"90527","lat":"40.16968","lon":"-75.24386"},{"name":"Pennbrook","properName":"Pennbrook","stationID":"90530","lat":"40.23026","lon":"-75.28170"},{"name":"Philmont","properName":"Philmont","stationID":"90319","lat":"40.12189","lon":"-75.04379"},{"name":"Primos","properName":"Primos","stationID":"90308","lat":"39.92157","lon":"-75.29853"},{"name":"Prospect Park","properName":"Prospect Park","stationID":"90211","lat":"39.88816","lon":"-75.30948"},{"name":"Queen Lane","properName":"Queen Lane","stationID":"90809","lat":"40.02325","lon":"-75.17798"},{"name":"Radnor","properName":"Radnor","stationID":"90513","lat":"40.04472","lon":"-75.35932"},{"name":"Ridley Park","properName":"Ridley Park","stationID":"90210","lat":"39.88056","lon":"-75.32213"},{"name":"Rosemont","properName":"Rosemont","stationID":"90515","lat":"40.02833","lon":"-75.32708"},{"name":"Roslyn","properName":"Roslyn","stationID":"90413","lat":"40.12089","lon":"-75.13409"},{"name":"Rydal","properName":"Rydal","stationID":"90316","lat":"40.10742","lon":"-75.11057"},{"name":"Ryers","properName":"Ryers","stationID":"90814","lat":"40.06355","lon":"-75.08681"},{"name":"Secane","properName":"Secane","stationID":"90307","lat":"39.91572","lon":"-75.30980"},{"name":"Sedgwick","properName":"Sedgwick","stationID":"90716","lat":"40.06289","lon":"-75.18523"},{"name":"Sharon Hill","properName":"Sharon Hill","stationID":"90215","lat":"39.90433","lon":"-75.27091"},{"name":"Somerton","properName":"Somerton","stationID":"90321","lat":"40.13064","lon":"-75.01200"},{"name":"Spring Mill","properName":"Spring Mill","stationID":"90224","lat":"40.07421","lon":"-75.28614"},{"name":"St. Davids","properName":"St. Davids","stationID":"90512","lat":"40.04410","lon":"-75.37346"},{"name":"St. Martins","properName":"St. Martins","stationID":"90803","lat":"40.06590","lon":"-75.20445"},{"name":"Stenton","properName":"Stenton","stationID":"90715","lat":"40.06056","lon":"-75.17877"},{"name":"Strafford","properName":"Strafford","stationID":"90510","lat":"40.04961","lon":"-75.40351"},{"name":"Suburban Station","properName":"Suburban Station","stationID":"90005","lat":"39.95399","lon":"-75.16747"},{"name":"Swarthmore","properName":"Swarthmore","stationID":"90305","lat":"39.90227","lon":"-75.35129"},{"name":"Tacony","properName":"Tacony","stationID":"90709","lat":"40.02320","lon":"-75.03898"},{"name":"Temple U","properName":"Temple University","stationID":"90007","lat":"39.98158","lon":"-75.14941"},{"name":"Thorndale","properName":"Thorndale","stationID":"90501","lat":"39.99278","lon":"-75.76359"},{"name":"Torresdale","properName":"Torresdale","stationID":"90707","lat":"40.05384","lon":"-74.98493"},{"name":"Trenton","properName":"Trenton Transit Center","stationID":"90701","lat":"40.21888","lon":"-74.75351"},{"name":"Trevose","properName":"Trevose","stationID":"90322","lat":"40.14014","lon":"-74.98276"},{"name":"Tulpehocken","properName":"Tulpehocken","stationID":"90807","lat":"40.03514","lon":"-75.18683"},{"name":"University City","properName":"University City","stationID":"90406","lat":"39.94812","lon":"-75.18988"},{"name":"Upsal","properName":"Upsal","stationID":"90806","lat":"40.04241","lon":"-75.19007"},{"name":"Villanova","properName":"Villanova","stationID":"90514","lat":"40.03872","lon":"-75.34229"},{"name":"Wallingford","properName":"Wallingford","stationID":"90304","lat":"39.90360","lon":"-75.37169"},{"name":"Warminster","properName":"Warminster","stationID":"90417","lat":"40.19427","lon":"-75.09022"},{"name":"Washington Lane","properName":"Washington Lane","stationID":"90714","lat":"40.05109","lon":"-75.17150"},{"name":"Wayne","properName":"Wayne","stationID":"90511","lat":"40.04585","lon":"-75.38728"},{"name":"Wayne Jct","properName":"Wayne Junction","stationID":"90009","lat":"40.02260","lon":"-75.15991"},{"name":"West Trenton","properName":"West Trenton","stationID":"90327","lat":"40.25757","lon":"-74.81530"},{"name":"Whitford","properName":"Whitford","stationID":"90503","lat":"40.01469","lon":"-75.63845"},{"name":"Willow Grove","properName":"Willow Grove","stationID":"90514","lat":"40.14369","lon":"-75.11432"},{"name":"Wilmington","properName":"Wilmington","stationID":"90203","lat":"39.73714","lon":"-75.55104"},{"name":"Wissahickon","properName":"Wissahickon","stationID":"90220","lat":"40.01661","lon":"-75.21025"},{"name":"Wister","properName":"Wister","stationID":"90712","lat":"40.03620","lon":"-75.16158"},{"name":"Woodbourne","properName":"Woodbourne","stationID":"90325","lat":"40.19174","lon":"-74.89004"},{"name":"Wyndmoor","properName":"Wyndmoor","stationID":"90718","lat":"40.07351","lon":"-75.19675"},{"name":"Wynnefield Avenue","properName":"Wynnefield Avenue","stationID":"90003","lat":"39.99064","lon":"-75.22557"},{"name":"Wynnewood","properName":"Wynnewood","stationID":"90519","lat":"40.00268","lon":"-75.27252"},{"name":"Yardley","properName":"Yardley","stationID":"90326","lat":"40.23497","lon":"-74.83108"}]
